strategy,event_count,total_net_pnl_dollars,mean_net_pnl_bps,pnl_vol_bps,loss_var_95_bps,loss_cvar_95_bps,probability_profitable,worst_event_pnl_bps,event_sequence_max_drawdown_bps,mean_within_event_drawdown_bps,mean_early_factor_imbalance_pct,mean_late_early_gross_ratio,mean_urgent_first_trade_day,mean_small_first_trade_day,decision,decision_reason
raw_expected_alpha,12,-3376689.6545227617,-5.775673328069858,104.51243422459116,176.11856723058173,176.11856723058173,0.5833333333333334,-176.11856723058173,228.92177110331903,60.6692028662074,5.325688155948005,1.3456770238146347,1.0,4.0,baseline,Current raw expected-alpha policy.
confidence_adjusted_alpha,12,-3254065.4127307367,-5.565930166821869,103.01333883148332,179.59730960806232,179.59730960806232,0.5833333333333334,-179.59730960806232,221.7778341863123,59.86939084651101,6.502759989314877,1.6159689827106352,1.0,5.666666666666667,discard,"Failed: no_higher_loss_cvar, factor_within_1pp_on_average."
