risk_aversion,contextual_mean_pnl_bps,unconditional_mean_pnl_bps,mean_pnl_delta_bps,contextual_pnl_vol_bps,unconditional_pnl_vol_bps,pnl_vol_delta_bps,contextual_mean_aggressiveness,unconditional_mean_aggressiveness
high,1.747901814350328,1.747901814350328,0.0,0.36805848078545395,0.36805848078545395,0.0,0.05000000000000001,0.05000000000000001
medium,2.5879059732867544,2.1239799002544855,0.46392607303226896,1.0276879195908102,0.3943343157844842,0.633353603806326,0.24166666666666675,0.20000000000000004
low,3.1675744207265875,2.180840905076481,0.9867335156501063,1.8837784781868627,0.5355130818628618,1.3482653963240008,0.40277777777777785,0.23333333333333328
