strategy,event_count,total_net_pnl_dollars,mean_net_pnl_bps,pnl_vol_bps,loss_var_95_bps,loss_cvar_95_bps,probability_profitable,worst_event_pnl_bps,event_sequence_max_drawdown_bps,mean_within_event_drawdown_bps,mean_early_factor_imbalance_pct,mean_late_early_gross_ratio,mean_daily_gross_spearman,mean_nondecreasing_transitions,mean_urgent_first_trade_day,mean_small_first_trade_day,max_cap_excess_shares,max_wrong_direction_shares,max_terminal_completion_error_shares,decision,decision_reason
static_open_loop,12,-4041457.4915249897,-6.912728331152482,103.9572260708543,176.11856723058173,176.11856723058173,0.5833333333333334,-176.11856723058173,227.30005727880558,61.00159733358112,4.644714030033957,1.3271410471703577,0.3757575757575757,5.666666666666667,1.0,4.25,0.02022074573324062,3.642933240608512e-05,8.649658411741257e-08,baseline,Current market-covariance medium-risk policy.
forecast_error_risk,12,-4002751.7770883366,-6.846523975588972,103.7965670816787,175.90457359469966,175.90457359469966,0.5833333333333334,-175.90457359469966,227.05528968940465,60.89755042672692,4.677159705741941,1.3395154451868103,0.37777777777777777,5.666666666666667,1.0,4.333333333333333,0.022690604921081103,4.929789376010626e-05,1.0826624929904938e-07,keep_for_holdout,"All development economics, behavior, liquidity, and completion gates passed."
