strategy,event_count,total_net_pnl_dollars,mean_net_pnl_bps,pnl_vol_bps,loss_var_95_bps,loss_cvar_95_bps,probability_profitable,worst_event_pnl_bps,event_sequence_max_drawdown_bps,mean_within_event_drawdown_bps,mean_early_factor_imbalance_pct,mean_late_early_gross_ratio,mean_daily_gross_spearman,mean_nondecreasing_transitions,mean_urgent_first_trade_day,mean_small_first_trade_day,max_cap_excess_shares,max_wrong_direction_shares,max_terminal_completion_error_shares,decision,decision_reason
static_open_loop,12,27774515.206402197,47.507038872472286,95.30943118579087,88.82313928727191,88.82313928727191,0.6666666666666666,-88.82313928727191,120.72361568892553,40.16768738145142,5.049803463944112,1.2296636812231438,0.2676767676767677,5.666666666666667,1.0,2.9166666666666665,0.023170379106886685,8.190000050132583e-05,1.6926787793636322e-07,baseline,Current market-covariance medium-risk policy.
forecast_error_risk,12,27740843.020362377,47.4494441371825,95.3318368085908,88.78547606749025,88.78547606749025,0.6666666666666666,-88.78547606749025,120.86769913880796,40.13032315099674,5.075711468933153,1.2400908508637283,0.27979797979797977,5.75,1.0,2.9166666666666665,0.0211234111484373,7.21002167162275e-05,9.150244295597076e-08,holdout_fail,Untouched holdout failed: lower_event_pnl_volatility.
