strategy,event_count,total_net_pnl_dollars,mean_net_pnl_bps,pnl_vol_bps,loss_var_95_bps,loss_cvar_95_bps,probability_profitable,worst_event_pnl_bps,event_sequence_max_drawdown_bps,mean_within_event_drawdown_bps,mean_early_factor_imbalance_pct,mean_late_early_gross_ratio,mean_urgent_first_trade_day,mean_small_first_trade_day,schedule_change_rate,decision,decision_reason
fixed_1bp_tie,12,-4041457.4915249897,-6.912728331152482,103.9572260708543,176.11856723058173,176.11856723058173,0.5833333333333334,-176.11856723058173,227.30005727880558,61.00159733358112,4.644714030033957,1.3271410471703577,1.0,4.25,0.0,baseline,Current fixed one-basis-point tie rule.
uncertainty_tie_60,12,-4041457.4915249897,-6.912728331152482,103.9572260708543,176.11856723058173,176.11856723058173,0.5833333333333334,-176.11856723058173,227.30005727880558,61.00159733358112,4.644714030033957,1.3271410471703577,1.0,4.25,0.0,inconclusive,The uncertainty threshold selected the baseline schedule in every event.
uncertainty_tie_75,12,-4041457.4915249897,-6.912728331152482,103.9572260708543,176.11856723058173,176.11856723058173,0.5833333333333334,-176.11856723058173,227.30005727880558,61.00159733358112,4.644714030033957,1.3271410471703577,1.0,4.25,0.0,inconclusive,The uncertainty threshold selected the baseline schedule in every event.
uncertainty_tie_90,12,-4041457.4915249897,-6.912728331152482,103.9572260708543,176.11856723058173,176.11856723058173,0.5833333333333334,-176.11856723058173,227.30005727880558,61.00159733358112,4.644714030033957,1.3271410471703577,1.0,4.25,0.0,inconclusive,The uncertainty threshold selected the baseline schedule in every event.
