strategy,event_count,total_net_pnl_dollars,mean_net_pnl_bps,pnl_vol_bps,loss_var_95_bps,loss_cvar_95_bps,probability_profitable,worst_event_pnl_bps,event_sequence_max_drawdown_bps,mean_within_event_drawdown_bps,mean_early_factor_imbalance_pct,mean_late_early_gross_ratio,mean_daily_gross_spearman,mean_nondecreasing_transitions,mean_urgent_first_trade_day,mean_small_first_trade_day,max_cap_excess_shares,max_wrong_direction_shares,max_terminal_completion_error_shares,total_realized_impact_cost_dollars,mean_p95_realized_participation_rate,max_realized_participation_rate,max_realized_participation_excess_shares,decision,decision_reason
static_open_loop,12,4408634.075303372,7.540767096509607,99.71137957252188,119.16404458385907,119.16404458385907,0.5,-119.16404458385907,320.77212103629597,64.59327511428083,5.619585418892555,1.3860793196697125,0.4363636363636363,5.916666666666667,1.0,4.333333333333333,0.025218834925908595,2.5833961400230176e-05,8.102506399154663e-08,3591103.285912941,0.09515241735458703,0.14659249600222568,38140.42104980729,baseline,Current flat-ADV medium-risk policy.
forecast_liquidity,12,1900860.4284688828,3.251334887227833,89.7626203469643,105.51616553025919,105.51616553025919,0.5,-105.51616553025919,293.76758249324786,57.006689505831,5.5516173006588225,3.5326115991303655,0.8666666666666666,7.666666666666667,1.0,2.8333333333333335,0.016717857331968844,6.141493253513516e-05,1.0570511221885681e-07,3257055.8270509327,0.09829646018602407,0.13549049190603604,53131.61408824538,discard,"Failed: mean_pnl_within_1bp_per_event, small_never_earlier."
