strategy,event_count,total_net_pnl_dollars,mean_net_pnl_bps,pnl_vol_bps,loss_var_95_bps,loss_cvar_95_bps,probability_profitable,worst_event_pnl_bps,event_sequence_max_drawdown_bps,mean_within_event_drawdown_bps,mean_early_factor_imbalance_pct,mean_late_early_gross_ratio,mean_daily_gross_spearman,mean_nondecreasing_transitions,mean_urgent_first_trade_day,mean_small_first_trade_day,max_cap_excess_shares,max_wrong_direction_shares,max_terminal_completion_error_shares,total_realized_impact_cost_dollars,mean_p95_realized_participation_rate,max_realized_participation_rate,max_realized_participation_excess_shares,decision,decision_reason
static_open_loop,12,18258090.428760514,31.229629222702027,76.19428466146123,60.857078957824186,60.85707895782418,0.5833333333333334,-60.857078957824186,77.13652748939808,55.647197575975376,5.08212660251736,1.108607078007853,0.09595959595959595,5.166666666666667,1.0,2.1666666666666665,0.02319276145135518,0.00011176208490759688,1.9441358745098114e-07,3764937.67161,0.10121490002104461,0.14147153601706794,34706.33715968544,baseline,Current flat-ADV medium-risk policy.
forecast_liquidity,12,17217174.961953584,29.44919089004102,62.16314408674206,37.540975730910155,37.540975730910155,0.5833333333333334,-37.540975730910155,39.909623433089166,44.93000461784094,3.366868101914991,2.772095311373587,0.907070707070707,7.75,1.0,4.75,0.12787896845838986,0.0012120976868893849,1.2149102985858917e-06,3260551.8962505083,0.09459572782229264,0.1264633409721587,37265.684303894814,holdout_fail,"Untouched liquidity holdout failed: mean_pnl_within_1bp_per_event, participation_caps_hard, direction_hard."
