strategy,event_count,total_net_pnl_dollars,mean_net_pnl_bps,pnl_vol_bps,loss_var_95_bps,loss_cvar_95_bps,probability_profitable,worst_event_pnl_bps,event_sequence_max_drawdown_bps,mean_within_event_drawdown_bps,mean_early_factor_imbalance_pct,mean_late_early_gross_ratio,mean_daily_gross_spearman,mean_nondecreasing_transitions,mean_urgent_first_trade_day,mean_small_first_trade_day,max_cap_excess_shares,max_wrong_direction_shares,max_terminal_completion_error_shares,total_realized_impact_cost_dollars,mean_p95_realized_participation_rate,max_realized_participation_rate,max_realized_participation_excess_shares,decision,decision_reason
static_open_loop,12,4408634.075303372,7.540767096509607,99.71137957252188,119.16404458385907,119.16404458385907,0.5,-119.16404458385907,320.77212103629597,64.59327511428083,5.619585418892555,1.3860793196697125,0.4363636363636363,5.916666666666667,1.0,4.333333333333333,0.025218834925908595,2.5833961400230176e-05,8.102506399154663e-08,3591103.285912941,0.09515241735458703,0.14659249600222568,38140.42104980729,baseline,Current flat-ADV medium-risk policy.
forecast_liquidity,12,3536928.6953335484,6.049754883917532,87.41098373200754,94.02637684059972,94.02637684059972,0.5,-94.02637684059972,275.7764498079257,55.16759619381489,6.968665076062474,3.4868185868523525,0.9484848484848484,8.166666666666666,1.0,5.833333333333333,0.022512069845106453,2.497233756564655e-05,9.557697921991348e-08,3154995.4097904903,0.093067550799334,0.13437957007427637,28185.15776304461,discard,"Failed: mean_pnl_within_1bp_per_event, early_factor_within_1pp."
