strategy,event_count,total_net_pnl_dollars,mean_net_pnl_bps,pnl_vol_bps,loss_var_95_bps,loss_cvar_95_bps,probability_profitable,worst_event_pnl_bps,event_sequence_max_drawdown_bps,mean_within_event_drawdown_bps,mean_early_factor_imbalance_pct,mean_late_early_gross_ratio,mean_daily_gross_spearman,mean_nondecreasing_transitions,mean_urgent_first_trade_day,mean_small_first_trade_day,max_cap_excess_shares,max_wrong_direction_shares,max_terminal_completion_error_shares,total_realized_impact_cost_dollars,mean_p95_realized_participation_rate,max_realized_participation_rate,max_realized_participation_excess_shares,decision,decision_reason
static_open_loop,12,4408634.075303372,7.540767096509607,99.71137957252188,119.16404458385907,119.16404458385907,0.5,-119.16404458385907,320.77212103629597,64.59327511428083,5.619585418892555,1.3860793196697125,0.4363636363636363,5.916666666666667,1.0,4.333333333333333,0.025218834925908595,2.5833961400230176e-05,8.102506399154663e-08,3591103.285912941,0.09515241735458703,0.14659249600222568,38140.42104980729,baseline,Current flat-ADV medium-risk policy.
forecast_liquidity,12,3553010.8237335635,6.077262629538801,99.77434247311308,119.16404458385907,119.16404458385907,0.5,-119.16404458385907,318.81901692211267,64.09839943870492,5.136227562903943,2.034195861989937,0.48787878787878786,6.25,1.0,4.583333333333333,0.026190565928118303,0.00020030708662888337,2.0279549062252045e-07,3517098.152047635,0.09460817435457154,0.14659249600222568,38140.42104980729,discard,"Failed: mean_pnl_within_1bp_per_event, lower_event_pnl_volatility."
