strategy,event_count,total_net_pnl_dollars,mean_net_pnl_bps,pnl_vol_bps,loss_var_95_bps,loss_cvar_95_bps,probability_profitable,worst_event_pnl_bps,event_sequence_max_drawdown_bps,mean_within_event_drawdown_bps,mean_early_factor_imbalance_pct,mean_late_early_gross_ratio,mean_daily_gross_spearman,mean_nondecreasing_transitions,mean_urgent_first_trade_day,mean_small_first_trade_day,max_cap_excess_shares,max_wrong_direction_shares,max_terminal_completion_error_shares,decision,decision_reason
static_open_loop,12,-4041457.4915249897,-6.912728331152482,103.9572260708543,176.11856723058173,176.11856723058173,0.5833333333333334,-176.11856723058173,227.30005727880558,61.00159733358112,4.644714030033957,1.3271410471703577,0.3757575757575757,5.666666666666667,1.0,4.25,0.02022074573324062,3.642933240608512e-05,8.649658411741257e-08,baseline,"Current one-snapshot, full-horizon medium-risk policy."
proximal_rolling,12,-4573855.860649774,-7.823371409157386,104.14818367930643,170.42960016555904,170.42960016555904,0.5833333333333334,-170.42960016555904,236.72599880078639,61.102312344786895,4.259193284675443,1.323618806523715,0.41212121212121205,5.833333333333333,1.0,4.166666666666667,0.0,0.0,2.3283064365386963e-10,discard,"Failed: lower_event_pnl_volatility, no_higher_within_event_drawdown, small_never_earlier."
