strategy,event_count,total_net_pnl_dollars,mean_net_pnl_bps,pnl_vol_bps,loss_var_95_bps,loss_cvar_95_bps,probability_profitable,worst_event_pnl_bps,event_sequence_max_drawdown_bps,mean_within_event_drawdown_bps,mean_early_factor_imbalance_pct,mean_late_early_gross_ratio,mean_daily_gross_spearman,mean_nondecreasing_transitions,mean_urgent_first_trade_day,mean_small_first_trade_day,max_cap_excess_shares,max_wrong_direction_shares,max_terminal_completion_error_shares,total_realized_impact_cost_dollars,mean_p95_realized_participation_rate,max_realized_participation_rate,max_realized_participation_excess_shares,decision,decision_reason
static_open_loop,12,9901178.517484574,16.935513337240987,55.744857375890426,61.87698874609269,61.87698874609269,0.6666666666666666,-61.87698874609269,75.44055587857787,45.872058580989666,5.227020433992911,1.2047515623042717,0.16666666666666663,5.25,1.0,3.8333333333333335,0.02532151428749785,0.0001523648386780599,1.962762326002121e-07,4058578.1173808235,0.10741093127631639,0.16846606733314884,39908.93856501779,baseline,Current flat-ADV medium-risk policy.
forecast_liquidity,12,8211557.684964434,14.045494124528652,52.93437706737655,63.75291050991482,63.75291050991482,0.6666666666666666,-63.75291050991482,68.42110291587495,41.515634986378274,3.103319879636403,1.6900389719265387,0.5676767676767677,6.166666666666667,1.0,3.8333333333333335,0.048951077507808805,2.3780106858361145e-05,1.1835945770144463e-06,3789726.1993470113,0.1005819328441398,0.1433898011651541,32396.262066510302,discard,"Failed: mean_pnl_within_1bp_per_event, no_higher_loss_cvar."
