trial,scenario_mean_pnl_dollars,scenario_pnl_std_dollars,scenario_p05_pnl_dollars,scenario_median_pnl_dollars,scenario_p95_pnl_dollars,scenario_probability_profitable
profile_high,680301.8896092064,3774054.3544308385,-5446362.359523155,656517.4208951893,6780431.60961313,0.5702
profile_medium,783819.2998597322,3980428.874421292,-5691733.021363886,810759.691305475,7288292.691572286,0.58
profile_low,853934.8481353661,4509835.3436645195,-6432568.370109125,898308.1897018751,8202053.48925776,0.5706
medium_scalar_tca,793281.8384423297,4054487.390725818,-5793470.93625002,808378.8616797546,7438197.54384844,0.5782
reference_fixed_weight_no_alpha,662547.9529246894,3773649.0635701455,-5467132.480370219,638558.3695941186,6763316.213967425,0.569
medium_weight_no_alpha,692951.1097942562,3840526.3597936924,-5553408.420681145,672776.2006229535,6904025.242612834,0.5696
medium_weight_no_factor,835248.0545804985,4436135.022666451,-6363528.7003992945,869392.7263221876,8012369.069104978,0.5694
medium_event_liquidity,737897.6776181923,3665328.3950854335,-5249130.438435087,766627.4733388491,6711573.450014959,0.58
strong_event_liquidity,729168.136129574,3561249.6797326487,-5135281.879011711,740954.4039850341,6524891.240395219,0.5802
