strategy,event_count,total_net_pnl_dollars,mean_net_pnl_bps,pnl_vol_bps,loss_var_95_bps,loss_cvar_95_bps,probability_profitable,worst_event_pnl_bps,event_sequence_max_drawdown_bps,mean_within_event_drawdown_bps,mean_early_factor_imbalance_pct,mean_late_early_gross_ratio,mean_daily_gross_spearman,mean_nondecreasing_transitions,mean_urgent_first_trade_day,mean_small_first_trade_day,max_cap_excess_shares,max_wrong_direction_shares,max_terminal_completion_error_shares,total_realized_impact_cost_dollars,mean_p95_realized_participation_rate,max_realized_participation_rate,max_realized_participation_excess_shares,decision,decision_reason
static_open_loop,12,4408634.075303372,7.540767096509607,99.71137957252188,119.16404458385907,119.16404458385907,0.5,-119.16404458385907,320.77212103629597,64.59327511428083,5.619585418892555,1.3860793196697125,0.4363636363636363,5.916666666666667,1.0,4.333333333333333,0.025218834925908595,2.5833961400230176e-05,8.102506399154663e-08,3591103.285912941,0.09515241735458703,0.14659249600222568,38140.42104980729,baseline,Current flat-ADV medium-risk policy.
forecast_liquidity,12,4475747.659872723,7.655561815600573,89.00557128946069,96.54712970332184,96.54712970332184,0.5,-96.54712970332184,275.9540755471802,57.48494513063628,4.2351388795685345,2.1517051428806373,0.8414141414141413,7.25,1.0,7.333333333333333,0.014910245401551947,0.00010971286036816907,1.1338852345943451e-07,3326701.465613196,0.09068689176393258,0.1335094740355727,26725.68787360072,keep_for_holdout,"All development economics, behavior, liquidity, and completion gates passed."
