strategy,event_count,total_net_pnl_dollars,mean_net_pnl_bps,pnl_vol_bps,loss_var_95_bps,loss_cvar_95_bps,probability_profitable,worst_event_pnl_bps,event_sequence_max_drawdown_bps,mean_within_event_drawdown_bps,mean_early_factor_imbalance_pct,mean_late_early_gross_ratio,mean_daily_gross_spearman,mean_nondecreasing_transitions,mean_urgent_first_trade_day,mean_small_first_trade_day,max_cap_excess_shares,max_wrong_direction_shares,max_terminal_completion_error_shares,total_realized_impact_cost_dollars,mean_p95_realized_participation_rate,max_realized_participation_rate,max_realized_participation_excess_shares,decision,decision_reason
static_open_loop,12,18868490.374589954,32.27369043272774,64.3613007796076,93.76310037063146,93.76310037063146,0.6666666666666666,-93.76310037063146,112.22554987923473,48.779402996573275,4.756795537997879,1.3048024174708026,0.3404040404040403,6.083333333333333,1.0,4.25,0.023166158644016832,4.9576340857891806e-05,1.3597309589385986e-07,3960280.114700173,0.1057633935801584,0.18111523602842833,49514.29831664771,baseline,Current flat-ADV medium-risk policy.
forecast_liquidity,12,18701481.88147189,31.988030038095044,58.86737842627121,77.68394390224644,77.68394390224644,0.6666666666666666,-77.68394390224644,100.34812172588647,43.785062264732424,3.4339253518368396,2.0049243203642515,0.7878787878787877,6.666666666666667,1.0,6.75,0.025359316321555525,0.00023060197101127246,3.2247044146060944e-07,3667070.415414259,0.09902895900493541,0.15320040469801519,38175.179818771125,keep_for_holdout,"All development economics, behavior, liquidity, and completion gates passed."
