strategy,event_count,total_net_pnl_dollars,mean_net_pnl_bps,pnl_vol_bps,loss_var_95_bps,loss_cvar_95_bps,probability_profitable,worst_event_pnl_bps,event_sequence_max_drawdown_bps,mean_within_event_drawdown_bps,mean_early_factor_imbalance_pct,mean_late_early_gross_ratio,mean_daily_gross_spearman,mean_nondecreasing_transitions,mean_urgent_first_trade_day,mean_small_first_trade_day,max_cap_excess_shares,max_wrong_direction_shares,max_terminal_completion_error_shares,total_realized_impact_cost_dollars,mean_p95_realized_participation_rate,max_realized_participation_rate,max_realized_participation_excess_shares,decision,decision_reason
static_open_loop,12,12570505.431364983,21.501275026281103,80.40922243017808,167.98433152255419,167.98433152255419,0.75,-167.98433152255419,201.42328631586685,54.23158622321481,5.231174869896679,1.3718034910907584,0.3505050505050505,5.833333333333333,1.0,4.25,0.0250275661383057,4.229936033260589e-05,1.4225952327251434e-07,3776786.7698154533,0.10207597564154426,0.14645433246245323,38063.19554884809,baseline,Current flat-ADV medium-risk policy.
forecast_liquidity,12,10674895.271162357,18.258920482967905,72.3280644276505,153.2303612310495,153.2303612310495,0.75,-153.2303612310495,184.32555183389263,50.58099291074364,3.7251317082725044,2.105158334343614,0.8505050505050505,7.166666666666667,1.0,5.583333333333333,0.08672475964704063,0.00021297446364425612,4.1193561628460884e-07,3472682.63872602,0.0958219156091119,0.13845557247431378,35306.42123120125,holdout_fail,"Untouched liquidity holdout failed: mean_pnl_within_1bp_per_event, participation_caps_hard."
