strategy,event_count,total_net_pnl_dollars,mean_net_pnl_bps,pnl_vol_bps,loss_var_95_bps,loss_cvar_95_bps,probability_profitable,worst_event_pnl_bps,event_sequence_max_drawdown_bps,mean_within_event_drawdown_bps,mean_early_factor_imbalance_pct,mean_late_early_gross_ratio,mean_urgent_first_trade_day,mean_small_first_trade_day,mean_risk_frontier_fraction,decision,decision_reason
fixed_medium_budget,12,-3376689.6545227617,-5.775673328069858,104.51243422459116,176.11856723058173,176.11856723058173,0.5833333333333334,-176.11856723058173,228.92177110331903,60.6692028662074,5.325688155948005,1.3456770238146347,1.0,4.0,0.5,baseline,Current fixed 50% medium risk budget.
reliability_scaled_budget,12,-3376689.6545227617,-5.775673328069858,104.51243422459116,176.11856723058173,176.11856723058173,0.5833333333333334,-176.11856723058173,228.92177110331903,60.6692028662074,5.325688155948005,1.3456770238146347,1.0,4.0,0.3609736590314359,discard,Failed: lower_event_pnl_volatility.
