strategy,event_count,total_net_pnl_dollars,mean_net_pnl_bps,pnl_vol_bps,loss_var_95_bps,loss_cvar_95_bps,probability_profitable,worst_event_pnl_bps,event_sequence_max_drawdown_bps,mean_within_event_drawdown_bps,mean_early_factor_imbalance_pct,mean_late_early_gross_ratio,mean_urgent_first_trade_day,mean_small_first_trade_day,mean_risk_frontier_fraction,decision,decision_reason
fixed_medium_budget,12,-4041457.4915249897,-6.912728331152482,103.9572260708543,176.11856723058173,176.11856723058173,0.5833333333333334,-176.11856723058173,227.30005727880558,61.00159733358112,4.644714030033957,1.3271410471703577,1.0,4.25,0.5,baseline,Current fixed 50% medium risk budget.
reliability_scaled_budget,12,-4211710.201380058,-7.203937810242297,104.17136168659428,176.11856723058173,176.11856723058173,0.5833333333333334,-176.11856723058173,230.79457102788334,61.32112560353142,4.599402149770133,1.3376250060995607,1.0,4.916666666666667,0.3609736590314359,discard,Failed: lower_event_pnl_volatility.
